{
    "Ar36": {
        "error": 0.0018083255579325298, 
        "fit": "Parabolic", 
        "value": 0.026940007002760703
    }, 
    "Ar37": {
        "error": 0.049808752185991775, 
        "fit": "linear", 
        "value": -0.0058508994244649212
    }, 
    "Ar38": {
        "error": 0.02086428785539177, 
        "fit": "linear", 
        "value": 1.0791014854253729
    }, 
    "Ar39": {
        "error": 0.08926319288096006, 
        "fit": "Parabolic", 
        "value": 90.240689585799572
    }, 
    "Ar40": {
        "error": 0.2745351548908066, 
        "fit": "Parabolic", 
        "value": 1252.0322923260792
    }, 
    "Ar41": {
        "error": 0.10884794152168567, 
        "fit": "linear", 
        "value": -0.14776171458074361
    }
}