{
    "AX": {
        "error": 0.04737504625599954, 
        "fit": "average", 
        "value": -0.19688204575229334
    }, 
    "CDD": {
        "error": 3.285592248464468e-05, 
        "fit": "average", 
        "value": 7.506192923756317e-06
    }, 
    "H1": {
        "error": 0.034608443247252305, 
        "fit": "average", 
        "value": -0.03529665581249744
    }, 
    "H2": {
        "error": 0.10012951631302308, 
        "fit": "average", 
        "value": 0.06656803463882735
    }, 
    "L1": {
        "error": 0.020194257308014763, 
        "fit": "average", 
        "value": -0.04239271496601008
    }, 
    "L2": {
        "error": 0.048451821458342176, 
        "fit": "average", 
        "value": -0.016922720755215608
    }
}