{
    "AX": {
        "error": 0.03939966679868086, 
        "fit": "average", 
        "value": -0.1904038597355809
    }, 
    "CDD": {
        "error": 0.0001980779676501803, 
        "fit": "average", 
        "value": 0.00023769610706949606
    }, 
    "H1": {
        "error": 0.04095705110761943, 
        "fit": "average", 
        "value": 0.011798621508398709
    }, 
    "H2": {
        "error": 0.08422110259727213, 
        "fit": "average", 
        "value": 0.06311659931898643
    }, 
    "L1": {
        "error": 0.01561966199126417, 
        "fit": "average", 
        "value": -0.028726126713290875
    }, 
    "L2": {
        "error": 0.04551633199599544, 
        "fit": "average", 
        "value": -0.01658003473349443
    }
}