{
    "AX": {
        "error": 0.04758737897393093, 
        "fit": "average", 
        "value": -0.20006244853798266
    }, 
    "CDD": {
        "error": 0.0001830849481663312, 
        "fit": "average", 
        "value": 0.0002389471391021895
    }, 
    "H1": {
        "error": 0.035020004371613574, 
        "fit": "average", 
        "value": 0.002308345271947993
    }, 
    "H2": {
        "error": 0.09486537713369932, 
        "fit": "average", 
        "value": 0.08501838346215922
    }, 
    "L1": {
        "error": 0.022191251842512756, 
        "fit": "average", 
        "value": -0.017090695667692394
    }, 
    "L2": {
        "error": 0.03719979447583961, 
        "fit": "average", 
        "value": -0.015982618880586635
    }
}