{
    "Ar36": {
        "error": 0.024636539266553445, 
        "fit": "Parabolic", 
        "value": 5.7310759735235477
    }, 
    "Ar37": {
        "error": 0.045805023984008833, 
        "fit": "linear", 
        "value": 0.0084929572931756268
    }, 
    "Ar38": {
        "error": 0.023574229942499459, 
        "fit": "linear", 
        "value": 1.0156670200478137
    }, 
    "Ar39": {
        "error": 0.053230495969617875, 
        "fit": "Parabolic", 
        "value": -0.18359951138664019
    }, 
    "Ar40": {
        "error": 0.34788892720116799, 
        "fit": "Parabolic", 
        "value": 1712.2233753744431
    }, 
    "Ar41": {
        "error": 0.099205502645663815, 
        "fit": "linear", 
        "value": -0.11870633739166871
    }
}