{
    "Ar36": {
        "error": 0.029024416491398693, 
        "fit": "Parabolic", 
        "value": 6.3915111864433483
    }, 
    "Ar37": {
        "error": 0.043924553136856198, 
        "fit": "linear", 
        "value": 0.010731940903937039
    }, 
    "Ar38": {
        "error": 0.023628931956055744, 
        "fit": "linear", 
        "value": 1.1168534690903003
    }, 
    "Ar39": {
        "error": 0.051254923015350437, 
        "fit": "Parabolic", 
        "value": -0.14245800393699737
    }, 
    "Ar40": {
        "error": 0.3476987535886053, 
        "fit": "Parabolic", 
        "value": 1927.7689860595065
    }, 
    "Ar41": {
        "error": 0.10276235361573886, 
        "fit": "linear", 
        "value": 0.15466480875078689
    }
}